<?xml version="1.0" encoding="utf-8"?>
<ApplicationInstallerManifest>
   <DefaultInstallationDirectory>/Applications/University_of_Cambridge/MEPIOCurveAnalyser/</DefaultInstallationDirectory>
   <ApplicationName>MEPIOCurveAnalyser</ApplicationName>
   <ExecutableName>application/MEPIOCurveAnalyser.exe</ExecutableName>
   <GUID>5ae1fa33-9f6a-42f2-a80e-dd03cff3b88a</GUID>
   <ApplicationIcon>icon_48.png</ApplicationIcon>
   <Logo>default_logo.png</Logo>
   <Version>1.0</Version>
   <InstallationNotes>In the following directions, replace MR/R2022b by the directory on the target machine where MATLAB is installed, or MR by the directory where the MATLAB Runtime is installed.

If the environment variable DYLD_LIBRARY_PATH is undefined, set it to the following string:

MR/R2022b/runtime/maci64:MR/R2022b/sys/os/maci64:MR/R2022b/bin/maci64

If it is defined, set it to the following:

${DYLD_LIBRARY_PATH}:MR/R2022b/runtime/maci64:MR/R2022b/sys/os/maci64:MR/R2022b/bin/maci64
</InstallationNotes>
   <AuthorOrganization>University of Cambridge</AuthorOrganization>
   <Summary>This app is designed for MEP IO curve fitting.</Summary>
   <WelcomePanelText>MEPIOCurveAnalyser 1.0
This app is designed for MEP IO curve fitting.
Ke Ma; Stephan M. Goetz.
km834@cam.ac.uk, smg84@cam.ac.uk</WelcomePanelText>
   <MCRProducts>
      <MCRProduct>
         <ExternalProductIdentifier>35000</ExternalProductIdentifier>
      </MCRProduct>
      <MCRProduct>
         <ExternalProductIdentifier>35002</ExternalProductIdentifier>
      </MCRProduct>
      <MCRProduct>
         <ExternalProductIdentifier>35003</ExternalProductIdentifier>
      </MCRProduct>
      <MCRProduct>
         <ExternalProductIdentifier>35010</ExternalProductIdentifier>
      </MCRProduct>
      <MCRProduct>
         <ExternalProductIdentifier>35106</ExternalProductIdentifier>
      </MCRProduct>
      <MCRProduct>
         <ExternalProductIdentifier>35119</ExternalProductIdentifier>
      </MCRProduct>
      <MCRProduct>
         <ExternalProductIdentifier>35190</ExternalProductIdentifier>
      </MCRProduct>
   </MCRProducts>
</ApplicationInstallerManifest>